journalist_email,title,url,published_at
noah.harper@example.com,Earthy greens are this year's neutral,https://news.example.com/earthy-greens-are-this-years-neutral-1-0,2026-06-24
noah.harper@example.com,Designers pick their favourite matte finishes,https://news.example.com/designers-pick-their-favourite-matte-finishes-1-1,2026-06-22
grace.mensah@example.com,How to paint a ceiling without the mess,https://news.example.com/how-to-paint-a-ceiling-without-the-mess-2-0,2026-06-08
grace.mensah@example.com,Primer: the step DIYers skip,https://news.example.com/primer-the-step-diyers-skip-2-1,2026-07-18
tomas.mensah@example.com,Washable paints put to the crayon test,https://news.example.com/washable-paints-put-to-the-crayon-test-3-0,2026-07-25
tomas.mensah@example.com,The rise of odour-free household products,https://news.example.com/the-rise-of-odour-free-household-products-3-1,2026-09-23
chloe.tanaka@example.com,Five weekend upgrades that add value,https://news.example.com/five-weekend-upgrades-that-add-value-4-0,2026-06-13
chloe.tanaka@example.com,What renovators are buying this spring,https://news.example.com/what-renovators-are-buying-this-spring-4-1,2026-08-12
kofi.tanaka@example.com,How to paint a ceiling without the mess,https://news.example.com/how-to-paint-a-ceiling-without-the-mess-5-0,2026-08-03
kofi.tanaka@example.com,Primer: the step DIYers skip,https://news.example.com/primer-the-step-diyers-skip-5-1,2026-08-27
grace.patel@example.com,Washable paints put to the crayon test,https://news.example.com/washable-paints-put-to-the-crayon-test-6-0,2026-07-03
grace.patel@example.com,The rise of odour-free household products,https://news.example.com/the-rise-of-odour-free-household-products-6-1,2026-06-28
nina.tanaka@example.com,Earthy greens are this year's neutral,https://news.example.com/earthy-greens-are-this-years-neutral-7-0,2026-07-12
nina.tanaka@example.com,Designers pick their favourite matte finishes,https://news.example.com/designers-pick-their-favourite-matte-finishes-7-1,2026-08-22
maya.kowalski@example.com,Washable paints put to the crayon test,https://news.example.com/washable-paints-put-to-the-crayon-test-8-0,2026-07-21
maya.kowalski@example.com,The rise of odour-free household products,https://news.example.com/the-rise-of-odour-free-household-products-8-1,2026-08-22
liam.moreau@example.com,Five weekend upgrades that add value,https://news.example.com/five-weekend-upgrades-that-add-value-9-0,2026-08-07
liam.moreau@example.com,What renovators are buying this spring,https://news.example.com/what-renovators-are-buying-this-spring-9-1,2026-09-07
nina.oneill@example.com,How to paint a ceiling without the mess,https://news.example.com/how-to-paint-a-ceiling-without-the-mess-10-0,2026-08-24
nina.oneill@example.com,Primer: the step DIYers skip,https://news.example.com/primer-the-step-diyers-skip-10-1,2026-09-24
grace.fischer@example.com,Paint colours that help homes sell,https://news.example.com/paint-colours-that-help-homes-sell-11-0,2026-06-03
grace.fischer@example.com,Coastal homes and the cost of weathering,https://news.example.com/coastal-homes-and-the-cost-of-weathering-11-1,2026-06-28
zoe.kowalski@example.com,Washable paints put to the crayon test,https://news.example.com/washable-paints-put-to-the-crayon-test-12-0,2026-09-13
zoe.kowalski@example.com,The rise of odour-free household products,https://news.example.com/the-rise-of-odour-free-household-products-12-1,2026-08-17
tomas.harper@example.com,Contractors face coatings shortages,https://news.example.com/contractors-face-coatings-shortages-13-0,2026-06-11
tomas.harper@example.com,Faster-drying coatings cut job times,https://news.example.com/faster-drying-coatings-cut-job-times-13-1,2026-09-10
ethan.oneill@example.com,Paint colours that help homes sell,https://news.example.com/paint-colours-that-help-homes-sell-14-0,2026-06-17
ethan.oneill@example.com,Coastal homes and the cost of weathering,https://news.example.com/coastal-homes-and-the-cost-of-weathering-14-1,2026-08-28
ines.patel@example.com,Five weekend upgrades that add value,https://news.example.com/five-weekend-upgrades-that-add-value-15-0,2026-08-20
ines.patel@example.com,What renovators are buying this spring,https://news.example.com/what-renovators-are-buying-this-spring-15-1,2026-06-16
noah.reyes@example.com,How to paint a ceiling without the mess,https://news.example.com/how-to-paint-a-ceiling-without-the-mess-16-0,2026-06-19
noah.reyes@example.com,Primer: the step DIYers skip,https://news.example.com/primer-the-step-diyers-skip-16-1,2026-09-03
maya.brennan@example.com,Earthy greens are this year's neutral,https://news.example.com/earthy-greens-are-this-years-neutral-17-0,2026-09-17
maya.brennan@example.com,Designers pick their favourite matte finishes,https://news.example.com/designers-pick-their-favourite-matte-finishes-17-1,2026-07-07
omar.fischer@example.com,Five weekend upgrades that add value,https://news.example.com/five-weekend-upgrades-that-add-value-18-0,2026-06-08
omar.fischer@example.com,What renovators are buying this spring,https://news.example.com/what-renovators-are-buying-this-spring-18-1,2026-06-11
grace.moreau@example.com,Five weekend upgrades that add value,https://news.example.com/five-weekend-upgrades-that-add-value-19-0,2026-06-08
grace.moreau@example.com,What renovators are buying this spring,https://news.example.com/what-renovators-are-buying-this-spring-19-1,2026-08-02
maya.moreau@example.com,How to paint a ceiling without the mess,https://news.example.com/how-to-paint-a-ceiling-without-the-mess-20-0,2026-09-05
maya.moreau@example.com,Primer: the step DIYers skip,https://news.example.com/primer-the-step-diyers-skip-20-1,2026-09-08
samuel.patel@example.com,Washable paints put to the crayon test,https://news.example.com/washable-paints-put-to-the-crayon-test-21-0,2026-09-14
samuel.patel@example.com,The rise of odour-free household products,https://news.example.com/the-rise-of-odour-free-household-products-21-1,2026-06-28
noah.nguyen@example.com,Paint colours that help homes sell,https://news.example.com/paint-colours-that-help-homes-sell-22-0,2026-07-07
noah.nguyen@example.com,Coastal homes and the cost of weathering,https://news.example.com/coastal-homes-and-the-cost-of-weathering-22-1,2026-09-18
zoe.mensah@example.com,Washable paints put to the crayon test,https://news.example.com/washable-paints-put-to-the-crayon-test-23-0,2026-09-03
zoe.mensah@example.com,The rise of odour-free household products,https://news.example.com/the-rise-of-odour-free-household-products-23-1,2026-06-26
liam.harper@example.com,Washable paints put to the crayon test,https://news.example.com/washable-paints-put-to-the-crayon-test-24-0,2026-09-16
liam.harper@example.com,The rise of odour-free household products,https://news.example.com/the-rise-of-odour-free-household-products-24-1,2026-09-07
liam.kowalski@example.com,Washable paints put to the crayon test,https://news.example.com/washable-paints-put-to-the-crayon-test-25-0,2026-09-26
liam.kowalski@example.com,The rise of odour-free household products,https://news.example.com/the-rise-of-odour-free-household-products-25-1,2026-09-10
tomas.castillo@example.com,How to paint a ceiling without the mess,https://news.example.com/how-to-paint-a-ceiling-without-the-mess-26-0,2026-06-19
tomas.castillo@example.com,Primer: the step DIYers skip,https://news.example.com/primer-the-step-diyers-skip-26-1,2026-08-24
liam.nguyen@example.com,Five weekend upgrades that add value,https://news.example.com/five-weekend-upgrades-that-add-value-27-0,2026-07-03
liam.nguyen@example.com,What renovators are buying this spring,https://news.example.com/what-renovators-are-buying-this-spring-27-1,2026-06-03
lucas.fischer@example.com,Five weekend upgrades that add value,https://news.example.com/five-weekend-upgrades-that-add-value-28-0,2026-06-20
lucas.fischer@example.com,What renovators are buying this spring,https://news.example.com/what-renovators-are-buying-this-spring-28-1,2026-08-14
hana.patel@example.com,Washable paints put to the crayon test,https://news.example.com/washable-paints-put-to-the-crayon-test-29-0,2026-08-22
hana.patel@example.com,The rise of odour-free household products,https://news.example.com/the-rise-of-odour-free-household-products-29-1,2026-08-15
maya.harper@example.com,Five weekend upgrades that add value,https://news.example.com/five-weekend-upgrades-that-add-value-30-0,2026-08-07
maya.harper@example.com,What renovators are buying this spring,https://news.example.com/what-renovators-are-buying-this-spring-30-1,2026-08-05
diego.haddad@example.com,Contractors face coatings shortages,https://news.example.com/contractors-face-coatings-shortages-31-0,2026-06-17
diego.haddad@example.com,Faster-drying coatings cut job times,https://news.example.com/faster-drying-coatings-cut-job-times-31-1,2026-08-22
noah.brennan@example.com,Earthy greens are this year's neutral,https://news.example.com/earthy-greens-are-this-years-neutral-32-0,2026-08-09
noah.brennan@example.com,Designers pick their favourite matte finishes,https://news.example.com/designers-pick-their-favourite-matte-finishes-32-1,2026-07-20
chloe.patel@example.com,Washable paints put to the crayon test,https://news.example.com/washable-paints-put-to-the-crayon-test-33-0,2026-06-02
chloe.patel@example.com,The rise of odour-free household products,https://news.example.com/the-rise-of-odour-free-household-products-33-1,2026-09-21
hana.nguyen@example.com,Home-improvement sales cool after a record year,https://news.example.com/home-improvement-sales-cool-after-a-record-year-34-0,2026-09-06
hana.nguyen@example.com,Why paint brands are betting on trade accounts,https://news.example.com/why-paint-brands-are-betting-on-trade-accounts-34-1,2026-09-18
noah.okafor@example.com,Contractors face coatings shortages,https://news.example.com/contractors-face-coatings-shortages-35-0,2026-07-19
noah.okafor@example.com,Faster-drying coatings cut job times,https://news.example.com/faster-drying-coatings-cut-job-times-35-1,2026-07-14
liam.haddad@example.com,Contractors face coatings shortages,https://news.example.com/contractors-face-coatings-shortages-36-0,2026-06-08
liam.haddad@example.com,Faster-drying coatings cut job times,https://news.example.com/faster-drying-coatings-cut-job-times-36-1,2026-09-12
kofi.brennan@example.com,Washable paints put to the crayon test,https://news.example.com/washable-paints-put-to-the-crayon-test-37-0,2026-07-01
kofi.brennan@example.com,The rise of odour-free household products,https://news.example.com/the-rise-of-odour-free-household-products-37-1,2026-08-24
samuel.moreau@example.com,How to paint a ceiling without the mess,https://news.example.com/how-to-paint-a-ceiling-without-the-mess-38-0,2026-09-28
samuel.moreau@example.com,Primer: the step DIYers skip,https://news.example.com/primer-the-step-diyers-skip-38-1,2026-07-08
leila.reyes@example.com,Five weekend upgrades that add value,https://news.example.com/five-weekend-upgrades-that-add-value-39-0,2026-07-22
leila.reyes@example.com,What renovators are buying this spring,https://news.example.com/what-renovators-are-buying-this-spring-39-1,2026-08-13
hana.okafor@example.com,Contractors face coatings shortages,https://news.example.com/contractors-face-coatings-shortages-40-0,2026-06-11
hana.okafor@example.com,Faster-drying coatings cut job times,https://news.example.com/faster-drying-coatings-cut-job-times-40-1,2026-08-04
